{
    "paths": [
        {
            "name": "/hardware/watering",
            "lambdaFunction": "hardware",
            "privacy": {
                "private": true,
                "auth": [
                    "/POST",
                    "/GET",
                    "/PUT",
                    "/PATCH",
                    "/DELETE"
                ]
            }
        },
        {
            "name": "/hardware/sensors",
            "lambdaFunction": "hardware",
            "privacy": {
                "private": true,
                "auth": [
                    "/POST",
                    "/GET",
                    "/PUT",
                    "/PATCH",
                    "/DELETE"
                ]
            }
        }
    ],
    "resourceName": "hardware",
    "apiName": "hardware",
    "functionArns": [
        {
            "lambdaFunction": "hardware"
        }
    ],
    "privacy": {
        "auth": 2,
        "unauth": 0,
        "authRoleName": "amplify-plantdocrn-plantdoc-142403-authRole",
        "unAuthRoleName": "amplify-plantdocrn-plantdoc-142403-unauthRole"
    },
    "dependsOn": [
        {
            "category": "function",
            "resourceName": "hardware",
            "attributes": [
                "Name",
                "Arn"
            ]
        }
    ],
    "uuid": "81204cd4"
}