{
    "permissions": {
        "auth": {
            "plantdocrnaf2b1310": [
                "create",
                "read",
                "update",
                "delete"
            ]
        },
        "api": {
            "deceaseDetection": [
                "create",
                "read",
                "update",
                "delete"
            ],
            "UsersCRUD": [
                "create",
                "read",
                "update",
                "delete"
            ],
            "hardware": [
                "create",
                "read",
                "update",
                "delete"
            ]
        },
        "storage": {
            "usersTable": [
                "create",
                "read",
                "update",
                "delete"
            ],
            "Plants": [
                "create",
                "read",
                "update",
                "delete"
            ]
        }
    }
}