{
    "paths": [
        {
            "name": "/plants",
            "lambdaFunction": "plants",
            "privacy": {
                "private": true,
                "auth": [
                    "/POST",
                    "/GET",
                    "/PUT",
                    "/PATCH",
                    "/DELETE"
                ]
            }
        }
    ],
    "resourceName": "plants",
    "apiName": "plants",
    "functionArns": [
        {
            "lambdaFunction": "plants"
        }
    ],
    "privacy": {
        "auth": 1,
        "unauth": 0,
        "authRoleName": "amplify-plantdocrn-plantdoc-142403-authRole",
        "unAuthRoleName": "amplify-plantdocrn-plantdoc-142403-unauthRole"
    },
    "dependsOn": [
        {
            "category": "function",
            "resourceName": "plants",
            "attributes": [
                "Name",
                "Arn"
            ]
        }
    ]
}