{
	"providers": {
		"awscloudformation": {
			"AuthRoleName": "amplify-plantdocrn-plantdoc-142403-authRole",
			"UnauthRoleArn": "arn:aws:iam::778234658643:role/amplify-plantdocrn-plantdoc-142403-unauthRole",
			"AuthRoleArn": "arn:aws:iam::778234658643:role/amplify-plantdocrn-plantdoc-142403-authRole",
			"Region": "us-east-1",
			"DeploymentBucketName": "amplify-plantdocrn-plantdoc-142403-deployment",
			"UnauthRoleName": "amplify-plantdocrn-plantdoc-142403-unauthRole",
			"StackName": "amplify-plantdocrn-plantdoc-142403",
			"StackId": "arn:aws:cloudformation:us-east-1:778234658643:stack/amplify-plantdocrn-plantdoc-142403/7d7998c0-ad3e-11ea-bf29-12f0216d258f",
			"AmplifyAppId": "d2fe33x3ze2ioo"
		},
		"categories": {
			"auth": {
				"plantdocrnaf2b1310": {}
			}
		}
	},
	"auth": {
		"plantdocrnaf2b1310": {
			"service": "Cognito",
			"providerPlugin": "awscloudformation",
			"dependsOn": [],
			"output": {
				"AppClientSecret": "1lsqdni18l6o2pam4tpklsu4gu8g37re1eidfslqm4h9couqhkt6",
				"UserPoolId": "us-east-1_881RYcqFQ",
				"AppClientIDWeb": "3b2slo8antk7a1c561j6qd03j5",
				"AppClientID": "2hki71cqhuk2fen5m7m8o2pk82",
				"IdentityPoolId": "us-east-1:7e5e10da-61e9-41c0-a8cf-7ec18b49e3ce",
				"IdentityPoolName": "plantdocrnaf2b1310_identitypool_af2b1310__plantdoc",
				"UserPoolName": "plantdocrnaf2b1310_userpool_af2b1310"
			},
			"lastPushTimeStamp": "2020-06-14T12:42:13.488Z",
			"providerMetadata": {
				"s3TemplateURL": "https://s3.amazonaws.com/amplify-plantdocrn-plantdoc-142403-deployment/amplify-cfn-templates/auth/plantdocrnaf2b1310-cloudformation-template.yml",
				"logicalId": "authplantdocrnaf2b1310"
			},
			"lastPushDirHash": "2Upfg921oyBvs3eAAaMTQfz1B+M="
		}
	},
	"function": {
		"lambdaDeceaseDetection": {
			"build": true,
			"providerPlugin": "awscloudformation",
			"service": "Lambda",
			"dependsOn": [
				{
					"category": "auth",
					"resourceName": "plantdocrnaf2b1310",
					"attributes": [
						"UserPoolId"
					]
				}
			],
			"lastBuildTimeStamp": "2020-06-13T19:09:46.434Z",
			"lastPackageTimeStamp": "2020-06-13T19:09:47.832Z",
			"distZipFilename": "lambdaDeceaseDetection-55697a41476852666561-build.zip",
			"providerMetadata": {
				"s3TemplateURL": "https://s3.amazonaws.com/amplify-plantdocrn-plantdoc-142403-deployment/amplify-cfn-templates/function/lambdaDeceaseDetection-cloudformation-template.json",
				"logicalId": "functionlambdaDeceaseDetection"
			},
			"lastPushTimeStamp": "2020-06-14T12:42:13.489Z",
			"output": {
				"Region": "us-east-1",
				"Arn": "arn:aws:lambda:us-east-1:778234658643:function:lambdaDeceaseDetection-plantdoc",
				"Name": "lambdaDeceaseDetection-plantdoc",
				"LambdaExecutionRole": "plantdocrnLambdaRole9170cf3a-plantdoc"
			},
			"lastPushDirHash": "0b94URuACFgaTce0WEfVuqZ4oNg="
		},
		"UsersCRUD": {
			"build": true,
			"providerPlugin": "awscloudformation",
			"service": "Lambda",
			"dependsOn": [
				{
					"category": "auth",
					"resourceName": "plantdocrnaf2b1310",
					"attributes": [
						"UserPoolId"
					]
				},
				{
					"category": "storage",
					"resourceName": "usersTable",
					"attributes": [
						"Name",
						"Arn"
					]
				}
			],
			"lastBuildTimeStamp": "2020-06-14T12:40:19.666Z",
			"lastPackageTimeStamp": "2020-06-14T12:40:21.464Z",
			"distZipFilename": "UsersCRUD-34696736515535797a7a-build.zip",
			"providerMetadata": {
				"s3TemplateURL": "https://s3.amazonaws.com/amplify-plantdocrn-plantdoc-142403-deployment/amplify-cfn-templates/function/UsersCRUD-cloudformation-template.json",
				"logicalId": "functionUsersCRUD"
			},
			"lastPushTimeStamp": "2020-06-14T12:42:13.495Z",
			"output": {
				"Region": "us-east-1",
				"Arn": "arn:aws:lambda:us-east-1:778234658643:function:labmdaUsersCRUD-plantdoc",
				"Name": "labmdaUsersCRUD-plantdoc",
				"LambdaExecutionRole": "plantdocrnLambdaRoleb874fe19-plantdoc"
			},
			"lastPushDirHash": "mS+Vh77Ogw7YWZf5mH1sWd3ChzI="
		},
		"hardware": {
			"build": true,
			"providerPlugin": "awscloudformation",
			"service": "Lambda",
			"dependsOn": [
				{
					"category": "auth",
					"resourceName": "plantdocrnaf2b1310",
					"attributes": [
						"UserPoolId"
					]
				},
				{
					"category": "storage",
					"resourceName": "usersTable",
					"attributes": [
						"Name",
						"Arn"
					]
				}
			],
			"lastBuildTimeStamp": "2020-06-14T11:26:30.710Z",
			"lastPackageTimeStamp": "2020-06-14T11:26:33.890Z",
			"distZipFilename": "hardware-70507a7532767a6a6b45-build.zip",
			"providerMetadata": {
				"s3TemplateURL": "https://s3.amazonaws.com/amplify-plantdocrn-plantdoc-142403-deployment/amplify-cfn-templates/function/hardware-cloudformation-template.json",
				"logicalId": "functionhardware"
			},
			"lastPushTimeStamp": "2020-06-14T12:42:13.490Z",
			"output": {
				"Region": "us-east-1",
				"Arn": "arn:aws:lambda:us-east-1:778234658643:function:hardware-plantdoc",
				"Name": "hardware-plantdoc",
				"LambdaExecutionRole": "plantdocrnLambdaRole240db9c7-plantdoc"
			},
			"lastPushDirHash": "ZYSIOckQtGo5uqJNYUiAAWJhPyI="
		},
		"plants": {
			"build": true,
			"providerPlugin": "awscloudformation",
			"service": "Lambda",
			"dependsOn": [
				{
					"category": "auth",
					"resourceName": "plantdocrnaf2b1310",
					"attributes": [
						"UserPoolId"
					]
				},
				{
					"category": "api",
					"resourceName": "deceaseDetection",
					"attributes": [
						"ApiName",
						"ApiId"
					]
				},
				{
					"category": "api",
					"resourceName": "UsersCRUD",
					"attributes": [
						"ApiName",
						"ApiId"
					]
				},
				{
					"category": "api",
					"resourceName": "hardware",
					"attributes": [
						"ApiName",
						"ApiId"
					]
				},
				{
					"category": "storage",
					"resourceName": "usersTable",
					"attributes": [
						"Name",
						"Arn"
					]
				},
				{
					"category": "storage",
					"resourceName": "Plants",
					"attributes": [
						"Name",
						"Arn"
					]
				}
			],
			"lastBuildTimeStamp": "2020-06-14T12:40:19.664Z",
			"lastPackageTimeStamp": "2020-06-14T12:40:21.442Z",
			"distZipFilename": "plants-7477596d4d4a475a354b-build.zip",
			"providerMetadata": {
				"s3TemplateURL": "https://s3.amazonaws.com/amplify-plantdocrn-plantdoc-142403-deployment/amplify-cfn-templates/function/plants-cloudformation-template.json",
				"logicalId": "functionplants"
			},
			"lastPushTimeStamp": "2020-06-14T12:42:13.495Z",
			"output": {
				"Region": "us-east-1",
				"Arn": "arn:aws:lambda:us-east-1:778234658643:function:plants-plantdoc",
				"Name": "plants-plantdoc",
				"LambdaExecutionRole": "plantdocrnLambdaRoleeb843d89-plantdoc"
			},
			"lastPushDirHash": "Z1WbB3WFn4WkQvabFE6z3lqWGmU="
		}
	},
	"api": {
		"deceaseDetection": {
			"service": "API Gateway",
			"providerPlugin": "awscloudformation",
			"dependsOn": [
				{
					"category": "function",
					"resourceName": "lambdaDeceaseDetection",
					"attributes": [
						"Name",
						"Arn"
					]
				}
			],
			"providerMetadata": {
				"s3TemplateURL": "https://s3.amazonaws.com/amplify-plantdocrn-plantdoc-142403-deployment/amplify-cfn-templates/api/deceaseDetection-cloudformation-template.json",
				"logicalId": "apideceaseDetection"
			},
			"lastPushTimeStamp": "2020-06-14T12:42:13.491Z",
			"output": {
				"ApiName": "deceaseDetection",
				"RootUrl": "https://jwpj70crj0.execute-api.us-east-1.amazonaws.com/plantdoc",
				"ApiId": "jwpj70crj0"
			},
			"lastPushDirHash": "OfKpJitFWj/vrmJmpQ8vp4t160M="
		},
		"UsersCRUD": {
			"service": "API Gateway",
			"providerPlugin": "awscloudformation",
			"dependsOn": [
				{
					"category": "function",
					"resourceName": "UsersCRUD",
					"attributes": [
						"Name",
						"Arn"
					]
				}
			],
			"providerMetadata": {
				"s3TemplateURL": "https://s3.amazonaws.com/amplify-plantdocrn-plantdoc-142403-deployment/amplify-cfn-templates/api/UsersCRUD-cloudformation-template.json",
				"logicalId": "apiUsersCRUD"
			},
			"lastPushTimeStamp": "2020-06-14T12:42:13.492Z",
			"output": {
				"ApiName": "UsersCRUD",
				"RootUrl": "https://qsmz2oly4e.execute-api.us-east-1.amazonaws.com/plantdoc",
				"ApiId": "qsmz2oly4e"
			},
			"lastPushDirHash": "bxDisoIlhSiHmSTUTr85SzaD2/w="
		},
		"hardware": {
			"service": "API Gateway",
			"providerPlugin": "awscloudformation",
			"dependsOn": [
				{
					"category": "function",
					"resourceName": "hardware",
					"attributes": [
						"Name",
						"Arn"
					]
				}
			],
			"lastPushTimeStamp": "2020-06-14T12:42:13.492Z",
			"providerMetadata": {
				"s3TemplateURL": "https://s3.amazonaws.com/amplify-plantdocrn-plantdoc-142403-deployment/amplify-cfn-templates/api/hardware-cloudformation-template.json",
				"logicalId": "apihardware"
			},
			"output": {
				"ApiName": "hardware",
				"RootUrl": "https://sld4v54bbg.execute-api.us-east-1.amazonaws.com/plantdoc",
				"ApiId": "sld4v54bbg"
			},
			"lastPushDirHash": "txyIUZOg/g3+Knk/qIQSdk2sb+Q="
		},
		"plants": {
			"service": "API Gateway",
			"providerPlugin": "awscloudformation",
			"dependsOn": [
				{
					"category": "function",
					"resourceName": "plants",
					"attributes": [
						"Name",
						"Arn"
					]
				}
			],
			"providerMetadata": {
				"s3TemplateURL": "https://s3.amazonaws.com/amplify-plantdocrn-plantdoc-142403-deployment/amplify-cfn-templates/api/plants-cloudformation-template.json",
				"logicalId": "apiplants"
			},
			"lastPushTimeStamp": "2020-06-14T12:42:13.493Z",
			"output": {
				"ApiName": "plants",
				"RootUrl": "https://zzykxcow90.execute-api.us-east-1.amazonaws.com/plantdoc",
				"ApiId": "zzykxcow90"
			},
			"lastPushDirHash": "XG5A37ZMUIeQTGcRUm2DIQo/0ho="
		}
	},
	"storage": {
		"usersTable": {
			"service": "DynamoDB",
			"providerPlugin": "awscloudformation",
			"providerMetadata": {
				"s3TemplateURL": "https://s3.amazonaws.com/amplify-plantdocrn-plantdoc-142403-deployment/amplify-cfn-templates/storage/usersTable-cloudformation-template.json",
				"logicalId": "storageusersTable"
			},
			"lastPushTimeStamp": "2020-06-14T12:42:13.493Z",
			"output": {
				"PartitionKeyName": "username",
				"SortKeyName": "familyName",
				"SortKeyType": "S",
				"Region": "us-east-1",
				"Arn": "arn:aws:dynamodb:us-east-1:778234658643:table/Users-plantdoc",
				"StreamArn": "arn:aws:dynamodb:us-east-1:778234658643:table/Users-plantdoc/stream/2020-06-13T19:55:15.382",
				"PartitionKeyType": "S",
				"Name": "Users-plantdoc"
			},
			"lastPushDirHash": "BHPRyxhKRdEMWhK3Rv732C30q+w="
		},
		"Plants": {
			"service": "DynamoDB",
			"providerPlugin": "awscloudformation",
			"providerMetadata": {
				"s3TemplateURL": "https://s3.amazonaws.com/amplify-plantdocrn-plantdoc-142403-deployment/amplify-cfn-templates/storage/Plants-cloudformation-template.json",
				"logicalId": "storagePlants"
			},
			"lastPushTimeStamp": "2020-06-14T12:42:13.494Z",
			"output": {
				"PartitionKeyName": "plantId",
				"Region": "us-east-1",
				"Arn": "arn:aws:dynamodb:us-east-1:778234658643:table/Plants-plantdoc",
				"StreamArn": "arn:aws:dynamodb:us-east-1:778234658643:table/Plants-plantdoc/stream/2020-06-14T12:27:08.312",
				"PartitionKeyType": "S",
				"Name": "Plants-plantdoc"
			},
			"lastPushDirHash": "qAduuv/KKIJKtR01h4yS1oMSVtM="
		}
	}
}